EventId,MappedId
00478c51,1
005340ce,2
0157975a,3
01bf0b53,4
02080f3f,5
025e4e6f,6
0261c8fb,7
033fa859,8
03619898,9
0387d48b,10
03921cf6,11
03f9e3d3,12
04a24e35,13
04f3cf82,14
0524eb54,15
052fc7f6,16
0541fc12,17
06070fd7,18
0621e487,19
070b0da9,20
07737814,21
07783fd3,22
082a3da9,23
08a875ad,24
08cc3d71,25
093a9d47,26
093d5ca3,27
096cf440,28
097359f0,29
0ae934bb,30
0b10414c,31
0b1552ae,32
0b6a8531,33
0b731d26,34
0b8d5119,35
0bef1807,36
0c11d4d9,37
0c78cf97,38
0c8a659f,39
0c98cc79,40
0cb022ee,41
0d3741f5,42
0da9cf2e,43
0dbe7939,44
0dd3aa3a,45
0e6906dd,46
0f08a5d0,47
0f87b089,48
0fa2794f,49
104176cf,50
10d72522,51
10e8cab6,52
115dc431,53
1168951a,54
1173ab9a,55
117c4dd6,56
11b2803e,57
11cbced5,58
1249b882,59
12a2a2d6,60
12aeae6c,61
132ed80f,62
147583d7,63
16e0f2e1,64
178e59da,65
17cdcb8b,66
184a11ed,67
1a884f44,68
1c8f7214,69
1cfb8e3b,70
1d21aaf0,71
1d2247f7,72
1e7c3fec,73
1ee538bc,74
1fd7bb5f,75
1ff77bf4,76
202192ef,77
20c4dc00,78
20dd4f73,79
20de2670,80
212f030d,81
2139fd64,82
218a1922,83
21d31116,84
2213dc54,85
227c72c4,86
22aa055c,87
22dc9d6e,88
23449654,89
23c4ea3f,90
23f92fc4,91
25db81c5,92
25f25e20,93
26c8f5f5,94
27c501a2,95
27cf359c,96
27e13dea,97
281167dc,98
285018f4,99
289a97a6,100
2919834b,101
296f8050,102
2971bdd3,103
299d8a9f,104
29a88652,105
29a8b57c,106
2a55b3a9,107
2aa471e5,108
2b368985,109
2b76b910,110
2c7493b5,111
2c8ff265,112
2d3b69df,113
2e94b5e2,114
2f4d85f5,115
2fa087eb,116
2fa23536,117
2fe18c00,118
2fed94c9,119
30649524,120
3174058f,121
31926d92,122
31d8edcd,123
324f7a8b,124
32b57d70,125
331a5776,126
337dadb3,127
3548e508,128
35959a3d,129
361de668,130
363c56ef,131
37645005,132
37a51251,133
37e82be1,134
387a75a7,135
39a4fcdd,136
3a3317b4,137
3aa5a5c8,138
3b10d68a,139
3b2d7dec,140
3b9f472f,141
3d6f5b3c,142
3d7f5d0b,143
3df34b83,144
3e46ed75,145
3e55f268,146
3e658002,147
3eb5351a,148
3f193d92,149
3f66a196,150
3ff0ab36,151
4063666b,152
40801e1c,153
40bc7a82,154
41138407,155
411639ec,156
420aecc8,157
4215ff03,158
43e9fcab,159
4403cfd1,160
45ebbab0,161
4663cda8,162
46746406,163
467f0a15,164
46b64273,165
46d52c98,166
47eca485,167
493c02a3,168
49acc42c,169
4a463553,170
4b0242bc,171
4b21a933,172
4b7a95d5,173
4b8fb201,174
4bb84971,175
4bf40f96,176
4d0778e6,177
4dee3bb6,178
50296471,179
5133f9b0,180
5181c0a4,181
51b09526,182
51c410f0,183
52320b13,184
529a0a15,185
53158ae8,186
53c31fd4,187
53cc356a,188
545c26d2,189
55cd0524,190
5614d57b,191
56722c99,192
5684781f,193
56ab88dd,194
56fe3efb,195
57c83030,196
5816bda8,197
5a609b44,198
5b3669ab,199
5bba5948,200
5be0f7a4,201
5be6d421,202
5d10227a,203
5dd79293,204
5de5553f,205
5e1fc727,206
5e3e8d14,207
5f4dbde9,208
5fb513f4,209
602e5e9d,210
604448a1,211
615812d1,212
620eff1b,213
62946c62,214
63ab4704,215
63b6d8e4,216
63c06399,217
63d50e34,218
64772b1d,219
64a5d21a,220
64ec8e9b,221
65338141,222
65d125f1,223
65d64142,224
67a2321a,225
67ad91ef,226
689e0065,227
68f8e8c4,228
698f076c,229
69bb348e,230
6a8662c7,231
6b259876,232
6b363105,233
6b9ebf0d,234
6ba2d58c,235
6cde4d7d,236
6ea23503,237
6ede3468,238
6f969a08,239
6fae6e47,240
6fc016bf,241
6fd53a80,242
6fd782b3,243
70004938,244
704db162,245
70747861,246
70b04b02,247
715368b5,248
7198a0f3,249
71fb27c9,250
723828dc,251
7381bcae,252
739f4614,253
74497220,254
74f8fdf8,255
75452453,256
757fb0a9,257
75b8b694,258
775b6867,259
77ba2072,260
77bf411d,261
77d5db5d,262
77e02bb5,263
78e30dfb,264
792db05b,265
793d2793,266
79d98a24,267
7a2b98f0,268
7af441fe,269
7afb7d36,270
7b9ca843,271
7bc5434f,272
7c04c061,273
7c780fc7,274
7d928fe0,275
7da3b77f,276
7deac44e,277
7e7f626a,278
7eca670e,279
7f9b6f83,280
7fb7cfb3,281
801bad5b,282
80ffd700,283
81de2d3c,284
82b74040,285
8305d6d6,286
83a1e8ce,287
841e6c21,288
843fcb5c,289
8519e401,290
85a4a095,291
85d22210,292
86551d71,293
86adee74,294
874af91d,295
87e874c1,296
882fd675,297
8851d637,298
886ce95f,299
8928f798,300
89c7521e,301
89cc9f94,302
89d5d379,303
8a58b20f,304
8a6116b2,305
8ac72d2e,306
8b6a9c15,307
8ba72d65,308
8bf8319f,309
8c38f084,310
8c5190ea,311
8c64a660,312
8ecb55da,313
8f54cfe6,314
8fc2b9c9,315
9093930b,316
909458ec,317
913c7907,318
932799dc,319
933d92dd,320
9393f343,321
942871af,322
947c20ca,323
9486681b,324
94c05cc7,325
94f16828,326
976fb953,327
97b123b0,328
97f730c0,329
9834bba1,330
9904d888,331
997b0a9d,332
998b023a,333
9b05300a,334
9b7ab0f8,335
9b91ec4d,336
9c9d7108,337
9ca6c6e8,338
9ce563df,339
9cef24b0,340
9d094e00,341
9dc78c87,342
9e18d518,343
9eaa0c7c,344
9ee25aa3,345
9f0e5250,346
9f5c371c,347
9f9a5b03,348
a0ce8c0c,349
a0d2f190,350
a0d57313,351
a0e41d44,352
a110aa78,353
a4d8a8e9,354
a5544bc2,355
a65a3309,356
a7107039,357
a7990936,358
a8995e9b,359
a8ebf473,360
a96d700d,361
abfa36c9,362
ac587e26,363
ac7cfac3,364
ac995795,365
aca94047,366
aca97e1d,367
aed54651,368
aeefe230,369
af8fb117,370
af940638,371
b008757b,372
b0bd7b61,373
b17d8bec,374
b1b574ef,375
b262af52,376
b3fd2c20,377
b3fdc4d2,378
b422b7f4,379
b44c487d,380
b4b613e8,381
b4bb2cd1,382
b53be96f,383
b55b2216,384
b5a2d675,385
b5c03e7d,386
b61bb48f,387
b68ab8f6,388
b6bd242f,389
b8bc81b9,390
b8db0b15,391
b8e400f4,392
b9670020,393
b989b9d6,394
b9d174b1,395
ba885c2b,396
bab2ee32,397
badb17e2,398
badead68,399
bb64f524,400
bc31f0f7,401
bc71cac2,402
bccd77b9,403
bce74bc2,404
bd49278e,405
bdce4e76,406
be435a0d,407
beb7dec6,408
bf98cf69,409
c132e963,410
c27cbd9a,411
c339106f,412
c4151258,413
c4f4f3d9,414
c4f584b7,415
c5d6d017,416
c63670a5,417
c69f69c9,418
c736e105,419
c76535b6,420
c9ba1653,421
ca41f54f,422
ca6851be,423
cb100e9f,424
cb7d987d,425
cbb06833,426
cbd1b188,427
cc044f44,428
ccca299f,429
ccf0a920,430
cd36d336,431
cdfd1b17,432
ce030835,433
ce92ab6a,434
ced72fbe,435
cf1895fa,436
cf7043ee,437
d031ea13,438
d1370150,439
d1aa5d06,440
d1b27cd7,441
d23636f0,442
d267de89,443
d3e525c6,444
d461efd8,445
d52f6ecb,446
d55f0beb,447
d5f44101,448
d6136479,449
d622767d,450
d63d588a,451
d72420d2,452
d7c1c54d,453
d80b717d,454
d8a1b6d2,455
d8e1fb0f,456
d8f1bb29,457
d91f52c0,458
d91f8281,459
d9498d5f,460
da62baaa,461
daae74ad,462
dacabfd4,463
db74bedc,464
dbe32b96,465
dc1ea6f2,466
dcb97f80,467
dd57e005,468
de008490,469
deca5f69,470
dee81e07,471
df4f86a2,472
df8fc700,473
e0380d9e,474
e3003934,475
e32b5e53,476
e498ea82,477
e53e7353,478
e5b5f8bf,479
e5e87cb7,480
e60d92c1,481
e78d7bb2,482
e7953632,483
e911cd93,484
e9a56391,485
eb8dbf4b,486
ecbde2dc,487
ecda927b,488
eda430c8,489
ee1b68b0,490
ee294d45,491
ef8561b4,492
efb6482e,493
efd0c5af,494
f0254949,495
f059c096,496
f12fa5cf,497
f13f67bf,498
f1c31fe9,499
f2061549,500
f20e0ed0,501
f2593cbe,502
f2abcefc,503
f2b28810,504
f2f288d9,505
f3420836,506
f3cc9f7e,507
f3cd3825,508
f402849a,509
f497a99e,510
f4c7cb54,511
f553b568,512
f5740545,513
f68b3233,514
f68ecfed,515
f6bf6f7b,516
f6f1adf9,517
f71d4ea8,518
f731e030,519
f795efe4,520
f7ec8417,521
f829ec82,522
f830141c,523
f945805e,524
f97c57bd,525
f9e20141,526
fa02632f,527
fbac51f8,528
fcabc709,529
fcb7fbd2,530
fcc314c7,531
fea45b81,532
feae7493,533
feea49a8,534
ff340741,535
ff96bc50,536
